{
  "target_simulator": "NEURON",
  "run": {
    "tstart": 0.0,
    "tstop": 3000.0,
    "dt": 0.1,
    "dL": 20.0,
    "spike_threshold": -15.0,
    "nsteps_block": 5000
  },
  "conditions": {
    "celsius": 34.0,
    "v_init": -80.0
  },
  "inputs": {
    "LGN_spikes": {
      "input_type": "spikes",
      "module": "nwb",
      "input_file": "/home/shared/workspace/chapter04/sim_ch04/lgn_spikes.nwb",
      "node_set": "LGN",
      "trial": "trial_0"
    }
  },
  "output": {
    "log_file": "log.txt",
    "output_dir": "/home/shared/workspace/chapter04/sim_ch04/output",
    "spikes_file": "spikes.h5"
  },
  "reports": {
    "v_report": {
      "variable_name": "v",
      "cells": "recorded_nodes",
      "module": "membrane_report",
      "sections": "soma"
    }
  },
  "node_sets_file": "/home/shared/workspace/chapter04/sim_ch04/node_sets.json",
  "network": "/home/shared/workspace/chapter04/sim_ch04/circuit_config.json",
  "config_path": "/home/shared/workspace/chapter04/sim_ch04/simulation_config.json",
  "config_dir": "/home/shared/workspace/chapter04/sim_ch04",
  "components": {
    "mechanisms_dir": "/home/shared/workspace/chapter04/sim_ch04/components/mechanisms",
    "__pycache___dir": "/home/shared/workspace/chapter04/sim_ch04/components/__pycache__",
    "morphologies_dir": "/home/shared/workspace/chapter04/sim_ch04/components/morphologies",
    "synaptic_models_dir": "/home/shared/workspace/chapter04/sim_ch04/components/synaptic_models",
    "point_neuron_models_dir": "/home/shared/workspace/chapter04/sim_ch04/components/point_neuron_models",
    "biophysical_neuron_models_dir": "/home/shared/workspace/chapter04/sim_ch04/components/biophysical_neuron_models",
    "templates_dir": "/home/shared/workspace/chapter04/sim_ch04/components/templates"
  },
  "networks": {
    "nodes": [
      {
        "node_types_file": "/home/shared/workspace/chapter04/sim_ch04/network/LGN_node_types.csv",
        "nodes_file": "/home/shared/workspace/chapter04/sim_ch04/network/LGN_nodes.h5"
      },
      {
        "nodes_file": "/home/shared/workspace/chapter04/sim_ch04/network/V1_nodes.h5",
        "node_types_file": "/home/shared/workspace/chapter04/sim_ch04/network/V1_node_types.csv"
      }
    ],
    "edges": [
      {
        "edges_file": "/home/shared/workspace/chapter04/sim_ch04/network/LGN_V1_edges.h5",
        "edge_types_file": "/home/shared/workspace/chapter04/sim_ch04/network/LGN_V1_edge_types.csv"
      },
      {
        "edges_file": "/home/shared/workspace/chapter04/sim_ch04/network/V1_V1_edges.h5",
        "edge_types_file": "/home/shared/workspace/chapter04/sim_ch04/network/V1_V1_edge_types.csv"
      }
    ]
  }
}